RegionName,RegionID,PopRank,1999-06-30,1999-09-30,1999-12-31,2000-03-31,2000-06-30,2000-09-30,2000-12-31,2001-03-31,2001-06-30,2001-09-30,2001-12-31,2002-03-31,2002-06-30,2002-09-30,2002-12-31,2003-03-31,2003-06-30,2003-09-30,2003-12-31,2004-03-31,2004-06-30,2004-09-30,2004-12-31,2005-03-31,2005-06-30,2005-09-30,2005-12-31,2006-03-31,2006-06-30,2006-09-30,2006-12-31,2007-03-31,2007-06-30,2007-09-30,2007-12-31,2008-03-31,2008-06-30,2008-09-30,2008-12-31,2009-03-31,2009-06-30,2009-09-30,2009-12-31,2010-03-31,2010-06-30,2010-09-30,2010-12-31,2011-03-31,2011-06-30,2011-09-30,2011-12-31,2012-03-31,2012-06-30,2012-09-30,2012-12-31,2013-03-31,2013-06-30,2013-09-30,2013-12-31,2014-03-31,2014-06-30,2014-09-30,2014-12-31,2015-03-31,2015-06-30,2015-09-30,2015-12-31,2016-03-31,2016-06-30,AverageRatio
United States,102001.0,0.0,0.210638191481159,0.22070396271227666,0.22364443498395667,0.23587884482534602,0.24183405347907969,0.23672506659537465,0.23105009075000035,0.22216251960094233,0.227776962770831,0.223530524584167,0.22459528538037898,0.22760038239324634,0.22403484415930666,0.216783319819465,0.21645748559668565,0.21239235714938398,0.20551213701555002,0.22371795304636866,0.22247092799851267,0.21780758269687897,0.237306579433915,0.23266923210710766,0.2383640636629407,0.24597659394472768,0.24691391408688868,0.25581286508867435,0.2713700994641746,0.27519151291828,0.2823587429042187,0.279092127380095,0.2724305837326603,0.270504594946954,0.27798554690998634,0.27329342787419736,0.26018323528998233,0.24968544755907598,0.24913832682230533,0.24196846651840032,0.222199749374938,0.21035710927385667,0.21051034229719368,0.20591807095062267,0.19844205881570467,0.19727493006640998,0.19222089631432102,0.17954379078857033,0.177942933914318,0.17837877009811498,0.16951425859063998,0.16051793876977802,0.154685567152806,0.150695738641351,0.146178839540318,0.14428422262497934,0.13997616174074734,0.14563259965448166,0.15027706879139133,0.16558072892978634,0.163983339542197,0.16272390401187634,0.15970002356264332,0.16007457927553234,0.15766045767060066,0.155419188460308,0.159131765781383,0.16186818435930067,0.16405340401436266,0.16017694430511234,0.16107468738739766,0.20857334119397883
"New York, NY",394913.0,1.0,0.39713983464143654,0.41857712479463,0.42952260095652794,0.458096905359268,0.472759675994778,0.4671216791491995,0.4577518579798585,0.448041377657156,0.4631696816780305,0.46339850429639906,0.47629931942666304,0.47445277676765596,0.47865464396092,0.47245424425027505,0.481083516452849,0.485839242106849,0.481373691020624,0.537230130652074,0.5412899554794199,0.542048166484519,0.5947148882286915,0.5833008178593075,0.5971858371163326,0.614817138178274,0.504702869842836,0.5197988555639047,0.5492389595233607,0.554495369127992,0.5655561936181723,0.55587131199516,0.5376984228852166,0.5289537118549007,0.5405614019352687,0.5304599025453567,0.50766732892043,0.4897832561873287,0.491461871191406,0.4763658418714097,0.43392657695280507,0.41075710268889737,0.40879654135715704,0.40170512126512065,0.39031880716026396,0.39071354855942997,0.3820979961737723,0.36022448928140066,0.35969622539742363,0.36203354011235306,0.3459696074387237,0.328167175506119,0.31429409318634266,0.30249524397194,0.29173904488739266,0.28644557388278163,0.2763120593699577,0.284022526567539,0.2904212671668997,0.321328146072233,0.3186680841904387,0.31850388980504335,0.31478654492352437,0.3138483692294877,0.30748066158431636,0.3015412804786403,0.3061472673773227,0.3094274493116753,0.313031849253389,0.304485932671049,0.30357015026769,0.39706638440905767
"Los Angeles-Long Beach-Anaheim, CA",753899.0,2.0,0.368601392392581,0.38498304955856294,0.39245995746505935,0.41823220958432966,0.4311115893293873,0.42342894036213735,0.41512080751091035,0.40472822960296834,0.41853632495318466,0.414779863417389,0.42275629781768437,0.43852363479267864,0.4436046775951137,0.44116221314349696,0.45578369762556764,0.46183646495534597,0.45707358681829335,0.5104513256973277,0.5270431682447076,0.5370437756175394,0.617404194694301,0.6282502640401904,0.6508964579489006,0.6764469836247734,0.6882644941755226,0.7287004561073274,0.783721033430369,0.7968716174057553,0.8200438475493778,0.8122706427629097,0.7863685043365582,0.7751562139885393,0.7879175323616853,0.7637597095095047,0.7136454754482006,0.6651351824752453,0.6350353183407994,0.587650647824036,0.5184148585859084,0.47121916898279137,0.46237551007715566,0.4550516262094977,0.44829288049828503,0.46624520909220796,0.4620149070607226,0.43666482319665034,0.438025728325139,0.44014695870050163,0.41839481522060534,0.395907070719349,0.3811739200383543,0.37106776589596896,0.3677194670933774,0.3680326039952993,0.363867211101144,0.38883948977329164,0.41626794844323195,0.47407792923685,0.4751057087315977,0.47570974841606234,0.469986622402296,0.47404606693026136,0.46775150482731664,0.46370757774483234,0.4742619719382866,0.480715390331972,0.48942323706355095,0.48111879186344203,0.48226701705100394,0.5139520769863074
"Chicago, IL",394463.0,3.0,0.22980156182983466,0.24117856232684165,0.24626921066496066,0.260728758362755,0.26822603401222866,0.2647185482283083,0.25996682809072036,0.25185519015318364,0.25971782758845136,0.256909887989164,0.26039143761215033,0.26710211870937767,0.26338528220402196,0.2557498963425963,0.25665923452408235,0.254668471884476,0.24913273269733402,0.27182791406433,0.2663099494461703,0.25868244964048265,0.27922572429139936,0.27110899296995866,0.27302133184610267,0.27208659456406264,0.27003973188326263,0.277407269948893,0.293523816254833,0.297875444906814,0.30472029791334,0.30074273639189303,0.29491746883153863,0.29405030063126397,0.3001071637703793,0.29705301093531433,0.28648851833213335,0.2793489345522547,0.282292922382356,0.27208766147902735,0.24702389743027964,0.23137331109703566,0.22857569430161698,0.2243714435898967,0.21755022455537298,0.21652787623133532,0.21088918322160133,0.19587971824052533,0.19282963923547433,0.19335852480410468,0.18080622900606533,0.1687530447596237,0.15933155785615266,0.15128640988578368,0.145680849973333,0.14153960047434969,0.13610216978361522,0.14002413394352667,0.145081793351135,0.16084022006277232,0.15908881820549733,0.15822594172052698,0.15626931725974266,0.15789418786638534,0.15479421583434033,0.15237026037066267,0.15542731556638734,0.15632841759680569,0.15808160030140633,0.153717433407259,0.15394233069918667,0.22743978520127675
"Dallas-Fort Worth, TX",394514.0,4.0,0.163495243332943,0.17224416729800632,0.17602872565724068,0.18332294828915965,0.18621125197650434,0.18119660752895897,0.17721630508980968,0.16997579992348333,0.173582966364074,0.16990646014137067,0.17083789909185065,0.173405074346395,0.17063710866751067,0.16507903506894064,0.16408102483237733,0.16011661664244234,0.15243518334821934,0.16412404133872702,0.16135885758411933,0.15863990413523765,0.17413365031789466,0.16881019783033602,0.17157800623126665,0.17370801380854398,0.171054674160205,0.17468969344402965,0.182461786678212,0.18327082687249,0.18804860112165434,0.18644756359180567,0.18239192138211066,0.18102754593394602,0.18651294432971832,0.186568892443438,0.18180278733686464,0.173941734701391,0.1739725249038627,0.1688845028749427,0.15427928232060667,0.14551939292992266,0.14584925896822534,0.144860267162938,0.142714306859141,0.14776578100816665,0.14622192805383236,0.137646926433748,0.13751554594893534,0.13937793959197134,0.13371557144648702,0.12649722008636685,0.12298552083085247,0.12051093939333557,0.11757214559963797,0.11570463005582136,0.1120449721812687,0.11614188874617354,0.11998808138958324,0.131723898995412,0.13044773641483767,0.12847664769124634,0.12612621250964365,0.12821988317038732,0.127161753976097,0.12648046290204132,0.13350662827410767,0.13964588497248467,0.14590238791826768,0.14494659256739664,0.147868971300893,0.15566115577275233
"Philadelphia, PA",394974.0,5.0,0.16610690457958366,0.17419185784229999,0.17539838220395165,0.18409813921416332,0.18758248635009067,0.18355532097613234,0.17848667043346433,0.1715088903515287,0.17619711764717869,0.17407226503256135,0.17651527901896133,0.18128503463255632,0.18069298707518766,0.176746370559579,0.17857577148975867,0.17752984271397465,0.17319493668361932,0.19061320945979698,0.19160601588357765,0.1890519342222937,0.20808448552754766,0.20573747294306266,0.2137572665872017,0.22194638322017202,0.22529834800778534,0.23694886643879934,0.2541654614977063,0.25915957619458535,0.269050878764297,0.266076136056806,0.258506673419065,0.255910027071858,0.26336091569029035,0.2615893113437883,0.25040493706044437,0.24303482386049635,0.24603089160212266,0.24226937284252334,0.22349941038205334,0.21452340587215932,0.21704629343481865,0.21499824639621434,0.21096753950244398,0.213532542629445,0.21095698286230968,0.19660950126239632,0.197769764053125,0.20075639648712965,0.19053666733521668,0.18078902165358335,0.17335550068038766,0.16744226028525733,0.160266626134517,0.15664053399987765,0.151006228496701,0.15468250872594533,0.15817643327506234,0.17101783197907464,0.167569863418588,0.165378469604322,0.16137347085043133,0.160687998581004,0.15641988388530167,0.15214756485994033,0.154958196094415,0.15603084350855534,0.15601065995430966,0.15130992927861434,0.15064369653927234,0.19515138429740994
"Houston, TX",394692.0,6.0,,,,,,,,,,,,,,,,,,,,,,,,,,,,,,,,,,,,,,,,,,,,0.125066202412303,0.14797336073662334,0.13742155015251015,0.1359243129225358,0.138126614562739,0.13188683046391717,0.12561358640886597,0.120819032705455,0.11910910790593339,0.11538881133291873,0.11267963686804001,0.10825655321359183,0.11329231804415137,0.11724407353765987,0.12934855569660905,0.12923945334741668,0.13098637422522222,0.1291520475092721,0.1304125542869565,0.12916366586983896,0.13013646811936527,0.13429366284922908,0.13773145808767073,0.1414596287731193,0.13999748170024776,0.14125836557401342,0.12923731805531788
"Washington, DC",395209.0,7.0,0.190648879409531,0.19956118400964432,0.20220387708224932,0.212953459092325,0.21827497797871298,0.213604530426551,0.20934376017097134,0.203539865037119,0.21137783201366367,0.21154614242961733,0.21534411501272366,0.2221052115056,0.222858952381734,0.21948269465634299,0.22308764084791066,0.22302010478788434,0.21764436785143967,0.24025676125787498,0.24310587169523568,0.2428972163094397,0.27256438612034833,0.275676223288173,0.2919025190059607,0.30825142882834466,0.3164310757941527,0.33331932980371964,0.3559350602431853,0.35912838246364703,0.3652365449698696,0.35569178553036124,0.34317279974931797,0.33753809089592535,0.344337991986891,0.33341556206722633,0.312600119238089,0.292799562465567,0.2868978934033786,0.27480522757624865,0.24785344697356834,0.23203392247721832,0.23105296574661568,0.22506827318887634,0.21889566679316433,0.22440584447794165,0.21933372738426468,0.20550266356602134,0.20451333290495902,0.20458280153849032,0.194568197038433,0.18711030555031635,0.18179173351612232,0.1777340122055687,0.17438023183943965,0.172894264738212,0.16805560633237934,0.17469429131061434,0.181608134816897,0.20272825003830633,0.202411123961966,0.20274350169690233,0.201506521353396,0.20142123924638633,0.19839883751119633,0.19478360493771565,0.197534421289611,0.19798400200540733,0.19929973698369632,0.19330587024528667,0.19289545967025334,0.23642975969168412
"Miami-Fort Lauderdale, FL",394856.0,8.0,0.19547151081672234,0.20398030132372402,0.20669594207707132,0.2185192460508373,0.22476326819868966,0.22138754711015066,0.21737740528424832,0.21203480886762235,0.22128022945972134,0.22168349635637533,0.22745582977570633,0.23693741868654464,0.23833663876743735,0.23702819914981701,0.240672687782299,0.23942207587027334,0.23523373913140966,0.259884240633605,0.2650147603173247,0.265945163827585,0.29992763368369735,0.305096671556969,0.32561715418905135,0.3499221648714333,0.3679348574748697,0.39573772932735835,0.43086205561412566,0.4410483857407037,0.4525617643252557,0.44878183544472733,0.4375798140290817,0.43098944057954003,0.435792615822443,0.418274629209817,0.38743568386111704,0.35361768919476705,0.3362238947351233,0.30656725805320867,0.25918234355143266,0.23076098221791266,0.21857521684744466,0.20684536018537902,0.19857156459539602,0.19926411379019834,0.19125343522141366,0.176010053324869,0.17133055416558032,0.17115427557355167,0.162916808026705,0.1548479918025303,0.15053826175030102,0.14930138364462367,0.148259708299997,0.14901564776216467,0.14811299231292732,0.15701687888747498,0.16589863842104868,0.185639211938005,0.18781963544540767,0.18885889410081166,0.18861087970116266,0.192356839240898,0.19478926713913,0.19657371266200133,0.205820107810021,0.213189252790336,0.21847181187288767,0.21359728883131268,0.21587811115664468,0.2510660436271018
"Atlanta, GA",394347.0,9.0,0.18505575279957834,0.19565960165156202,0.19982999746123667,0.21221668980622266,0.21810750611685034,0.21432171334194736,0.21009556528064666,0.2020840671551883,0.207407129498735,0.2044251709335473,0.205276066285306,0.20854005221288,0.20541769227974735,0.198917282010543,0.19685950677237632,0.19250885429101403,0.18496633596958234,0.19945145238400733,0.19659524661594,0.19034226949726832,0.204061226146575,0.19656027726219835,0.19951969491447966,0.20334769378094966,0.20073556826967268,0.20479747890588731,0.21450099331717334,0.21518672755202836,0.21981826031264498,0.21810115111990333,0.21318076860716798,0.208919505105809,0.21497353357477567,0.21527926241053932,0.208903891099562,0.2045329985420623,0.20639813805793064,0.19959906335624467,0.180591538861831,0.17170828566010865,0.17167141417942233,0.168266589903971,0.16346089665675867,0.166397848876625,0.16369384175357335,0.15063543062544169,0.14633554911979232,0.142514237767384,0.13254598100085266,0.12384156557656434,0.11739541872366688,0.11229875203548044,0.10814869569531116,0.10598221534475477,0.1035104182544357,0.10775787232721547,0.11210990011214567,0.125526050773864,0.12603226781539098,0.12612014839157434,0.12544349058620632,0.12645600752265032,0.12545567896101467,0.124793914437278,0.12892916398957702,0.13200696849903334,0.13485738002524533,0.132048565808034,0.132342417030015,0.1734111984205073
"Boston, MA",394404.0,10.0,0.28498489218234263,0.30493445430179,0.3151189840728357,0.33812469996021605,0.354908652745237,0.3569753604420463,0.3564036770523593,0.35007024313895735,0.3655575041847147,0.36787909101603766,0.37590135039603906,0.38690592525403794,0.387610218691307,0.38220315514583963,0.388310110085603,0.38631696847128905,0.37423982273279766,0.40597387655211664,0.404282503648207,0.3959626264697893,0.4321301231790123,0.4205013089079133,0.42870159594887536,0.43882272566929065,0.434303202827044,0.440127675523929,0.455486190251788,0.45209291551025227,0.452968560501917,0.43730937226401334,0.41925838033509494,0.41184307376110096,0.418260317311761,0.4075552865616527,0.38498359793759,0.366942482504,0.36240119328552534,0.3560824495214034,0.3261204990184636,0.30838645399076464,0.3126072555026033,0.3139623807254483,0.31028840977905836,0.31657416414740464,0.3162872845864417,0.29767160637395934,0.2956811468340253,0.29885775573223367,0.28566070374314667,0.27057596540250134,0.2601364261496027,0.2501303185847117,0.24375557422126568,0.239199133874615,0.23273142036105132,0.24327432219307968,0.250766065310369,0.27496122933913597,0.272875701491257,0.27167604192815364,0.26880863265023464,0.27023908786543166,0.2659913164859353,0.263079469990353,0.2668030623526813,0.2715502271561833,0.27639472627303,0.269518004649588,0.26894068516316266,0.33936144406118296
"San Francisco, CA",395057.0,11.0,0.36340376835693905,0.3932500356554363,0.4140805944148564,0.45562484826973265,0.49306429303255866,0.5031725554553294,0.5077292576422033,0.5005088396975493,0.5141756055459813,0.501963729274694,0.502024012947512,0.5109880589117307,0.5147706368188844,0.507762341443197,0.5114650438344837,0.5050584654418501,0.4876561253911323,0.5328558499090107,0.539715305570449,0.5406951017443903,0.6055361315504201,0.6061245004585013,0.6361468092342882,0.6715095811749476,0.6815867443795289,0.7114397962482485,0.7529874355576066,0.7544850151680217,0.765735163860419,0.7463059922185474,0.7175907125254284,0.7016051464860077,0.7108201396506061,0.6911783310880324,0.6410731903285537,0.5936284408976914,0.57030365458713,0.5294770530288836,0.466349352228795,0.43436448814057466,0.4248107994948203,0.4164550365425153,0.409056213311551,0.41743508177371097,0.415689466943541,0.3923374042716077,0.388991085822689,0.387082240424558,0.362952882876296,0.33759837618965866,0.3243427752534624,0.31252829355508266,0.3078171998776083,0.3111849820921257,0.31098003842823335,0.335597870393169,0.369789774523354,0.423756971312782,0.42704474136936366,0.427294710338608,0.4239017390491977,0.4311133635167013,0.4307683296192886,0.43302941518586896,0.44981330899504096,0.45987141087901034,0.47052265843617597,0.46254764735559134,0.45775705631864766,0.49725047858435384
"Detroit, MI",394532.0,12.0,0.18306207910133102,0.19454892592470865,0.1976514337034513,0.21183482981227267,0.21584456394079898,0.2107805221190997,0.20536809993368635,0.19779817771342068,0.20307288228149167,0.20082779428039368,0.20301168333974565,0.20620726076568532,0.2023309944618963,0.195461180837772,0.19334108841048833,0.18887838912728935,0.18158030609630402,0.19647150015382997,0.19391192554301964,0.1865097670183907,0.19969874229861365,0.192956909046738,0.19472428478217965,0.19669049316209167,0.19262280838961499,0.1958753406902143,0.20487294302026934,0.204407152289637,0.20724917243185634,0.20097910276473566,0.19373673913762468,0.18924771175280367,0.190436763879443,0.18784806270644303,0.1784922096931867,0.17091841490401002,0.170341789670591,0.15955763469004333,0.14032335450470132,0.12875536937910495,0.12444675130196207,0.11702796342599707,0.1112215211692048,0.1098477069297255,0.10606203291218924,0.09811274154282128,0.09581633692535957,0.09575230939381761,0.0908218984433264,0.08592291045962737,0.08295120119234937,0.08084362262078454,0.07945910110386707,0.08000186851925177,0.07873943277104817,0.0821195479572111,0.08550562090164626,0.09601485160056783,0.09690808185702253,0.09778326131602537,0.09688780397081043,0.09805460038107323,0.09717776634043616,0.09484673205600763,0.0970676764556499,0.09844175102851606,0.0983484060387906,0.09576166620039035,0.09694627560541792,0.1512626064373895
"Riverside, CA",395025.0,13.0,0.233569078083163,0.24463285345588667,0.24714318976328764,0.261907761541984,0.2691105988470313,0.2647499127435257,0.25916607049842,0.25163843809881997,0.2626277083339607,0.26120430554550533,0.2647103220110563,0.2721759340748964,0.27237713003820035,0.26944234380687265,0.27511378243484236,0.27717706122068964,0.274753968698444,0.306603819268249,0.31770902803838164,0.32399275950744466,0.37215588968546304,0.383380243195236,0.40742546512704464,0.4299489472436804,0.4412327817870067,0.4702690955853323,0.5106815518755626,0.5236892703561576,0.5364245034881097,0.528124976907308,0.5083762008465297,0.4961158606801754,0.5021610362891747,0.48315499782798804,0.44617210478799035,0.411982356384527,0.386116177427946,0.34561110802998796,0.287965002849276,0.24995225201761365,0.235943356594455,0.22434836787910437,0.21673033142520834,0.22159347451668,0.21954332231175466,0.20961688363543765,0.21232376080185467,0.21763021452404333,0.20824660542522366,0.1953540550342717,0.18967482918928733,0.1863452903916757,0.18245963022983,0.185350049916822,0.18605177162237432,0.20031691892502235,0.21863271599189568,0.25258918671655833,0.25735656967434667,0.259103669993577,0.25795517009692465,0.260783433245258,0.25927117857549836,0.2562965538268897,0.263576415533809,0.2686222515035466,0.27285442236002033,0.2670298298653387,0.27083327369326,0.3012634698826484
"Phoenix, AZ",394976.0,14.0,0.2095384768070683,0.21965834436251133,0.22305750880231334,0.235752714414781,0.24056091069535335,0.235259272063292,0.22902809375921832,0.22024406735984434,0.22410093570771403,0.21945480770759299,0.22156603776204167,0.22610234862591203,0.22242377835383367,0.21440693212514902,0.21403972613646002,0.21032049663684269,0.20242769077703734,0.2189528475093263,0.216978147924063,0.21267937737226497,0.2337584502430957,0.23490813979938566,0.2507541529288713,0.2712639644364437,0.29350771449017965,0.3280579323796963,0.364347531463776,0.374516089529656,0.38579840061792764,0.37753940581627066,0.36406639634437027,0.35328795802508367,0.354401833832902,0.34729298169668327,0.326661563641245,0.305797949522176,0.29819164401539533,0.278711681667476,0.245920217136112,0.22858879795627132,0.21919512210099867,0.20412884700448833,0.18721570584143069,0.18436326838593198,0.17808109085402601,0.16193317826849865,0.15712671173896667,0.154426909141932,0.14155765854806066,0.13472783826843734,0.13415787439436166,0.13636832722339168,0.141992789038207,0.14817180409033168,0.14921077625107335,0.16037643073222133,0.17215247143377366,0.196516147147175,0.2000659499786787,0.19900071597004967,0.19477606706490802,0.19426707613484404,0.19292492510030765,0.19024820926534303,0.1946435845122063,0.19869230753788233,0.20390793133584764,0.19975878996632299,0.20112337729532134,0.22847880007348778
"Seattle, WA",395078.0,15.0,0.289128132503093,0.30454164658591437,0.3119060272813253,0.32905891185204933,0.33819331593845936,0.331620527982593,0.32159694582412834,0.3093070438015117,0.31548885708444036,0.309907272891221,0.31159920578891737,0.316062819801604,0.30888691316996,0.29665950622607035,0.29552477199469135,0.28978267162244264,0.278214197878691,0.30089972294225903,0.29826328981273603,0.2930626198231283,0.320888983467309,0.3143542649927927,0.32156919001784035,0.33424019563135604,0.34090038579036763,0.3636859783338,0.3925636480333527,0.405189401505801,0.42349726868288967,0.4253966192481376,0.420648449795949,0.419613963875441,0.43202969276981035,0.42834760217212436,0.4093066575719413,0.393766979180273,0.3951344501054927,0.383861873320555,0.3467905887393156,0.3225236549244297,0.318810997888759,0.310628709521179,0.2997836703126647,0.30009391180396633,0.2893469811254413,0.26613242550726435,0.260427989288368,0.25662682392162967,0.24037180415484968,0.22623982844470233,0.218587293163283,0.21354427496236902,0.20816525045700465,0.20552645798812832,0.20171773589823996,0.21237740367774768,0.223696647832569,0.2479703975358747,0.24574920758790866,0.24432147155287698,0.23776950366459002,0.23975492424842268,0.23788991946062535,0.23610095376823134,0.246523732042364,0.25191525449014235,0.2565745606354127,0.2555235225460583,0.26111169240722,0.3037289506500305
"Minneapolis-St Paul, MN",394865.0,16.0,0.18983743042215898,0.20347031305324367,0.209025787807533,0.22411581960717267,0.233521330576565,0.233522115993924,0.23147882583285698,0.22625014373831567,0.23585836476914568,0.235308441489217,0.2387927107922537,0.24439797369230368,0.24264112660621232,0.23716971557365232,0.23858496412070931,0.23533563233849966,0.22856718201620166,0.24915814417680568,0.2474875044675767,0.24125892549820502,0.26177812217140234,0.25424904026101464,0.257770105009642,0.26312090354729534,0.26027489545720667,0.26751949363265165,0.28080888649274166,0.284277974172985,0.290254915309795,0.28312512296317766,0.274405715262752,0.27076951218144835,0.275316930506665,0.2706224298773173,0.25910223881943767,0.24979445784367635,0.25056571792489196,0.242334579590305,0.220420159095057,0.20801884077579666,0.207609721355096,0.202011806165328,0.19425445157705568,0.191181264167834,0.18582407332578865,0.17447803430121567,0.17274725962393833,0.17159518376275798,0.16037871490580766,0.150390562483767,0.14346968106007388,0.14004202826011017,0.13836048702593418,0.138815638549102,0.13622953790953615,0.1431748367571747,0.14932473273134633,0.16635221061353733,0.166181686826416,0.16588970419896035,0.16353470100758466,0.16416211730605368,0.16155226419989666,0.15992902035406834,0.163081800189487,0.16533536688469466,0.16794444070093797,0.164166170355642,0.165060016135809,0.2119331884956923
"San Diego, CA",395056.0,17.0,0.33432769743966767,0.35188997345520967,0.3598391369751237,0.386246292879342,0.404197191031769,0.4046607103921083,0.40258904173730437,0.39524438902626563,0.409448784879698,0.4085326861526246,0.417531970113101,0.43348258174260695,0.44223628482384464,0.44550912999679365,0.45903513947217994,0.4604617341021557,0.45106470308261465,0.5020526297887963,0.516797138838932,0.5254998134904493,0.6038577369838066,0.609666320227665,0.6265863202473567,0.6405699707530293,0.628072586124741,0.6461366947356987,0.6793680342989504,0.6839360537977334,0.692379044357469,0.6664288439695141,0.638604336593688,0.6246307564413184,0.630420870522575,0.6069713925867504,0.5626409054805976,0.514786330974937,0.49493544168156434,0.466375309416811,0.41226095579927335,0.3824367342474407,0.38059630127963734,0.37850497976541203,0.3765705104450697,0.39327757458373896,0.3966623093372534,0.37399262862976634,0.3701131962138757,0.3712957973128823,0.35092279051131037,0.32943909784060965,0.321211914571591,0.31570638427035097,0.30949951520426,0.309308826085346,0.30681306494158267,0.3241115462922393,0.34509559559258,0.39472726837983063,0.394980002519332,0.3983573486015934,0.392357219774468,0.39352409589052967,0.3904522139025323,0.385677015338824,0.39275633808832594,0.40073940705645406,0.407606233099652,0.3986711878137137,0.40229483342843037,0.4496663313830826
"St. Louis, MO",395121.0,18.0,0.16329564682337167,0.1713926017024857,0.17440939768976935,0.183638648834859,0.188588737033912,0.18451027187479432,0.1800017464892,0.17268696682608867,0.177910217017989,0.17567212666263798,0.176729947748003,0.18051020297510467,0.17904800111410032,0.17347483671953934,0.17233894717195133,0.16940631516838633,0.16355828063987332,0.17895076056180567,0.17856344731757268,0.17103947880071801,0.18223086046932566,0.17706862448204266,0.1797511223577167,0.1844465771374897,0.18264347548540602,0.18829821819075399,0.19953422146711497,0.20276397222585066,0.208602733378221,0.20451337983550433,0.19916505045387234,0.19872375568137335,0.20373419560774467,0.19996842776673698,0.191844280597863,0.18844404206370732,0.19283334576188968,0.18940491083983102,0.17450011288343267,0.16529703615469302,0.16560207040773833,0.164207192191342,0.15991745889252632,0.16063762633703602,0.15798961582566634,0.148889432280952,0.148635608979656,0.1484198420966477,0.14175447286577933,0.1340094702000393,0.12722701608642897,0.12144638844271734,0.11668994581513592,0.11358325035786825,0.10971513805020768,0.11332594041348054,0.11535752928733072,0.1244089288850571,0.1215186736479291,0.11936887480558044,0.11649773691394304,0.11649679170994798,0.11360173690949114,0.111654889022287,0.11390754940564074,0.11507980257578514,0.11649100982604077,0.11362787156487912,0.11419941092796226,0.1604892202425772
"Tampa, FL",395148.0,19.0,0.16931273709889003,0.17754877292758234,0.18061628650620465,0.190631447567887,0.19599730735075668,0.193439794424853,0.1899474533660063,0.18385587852757868,0.18927098389268335,0.18829434406497167,0.1912185041562867,0.196498967918967,0.19575391889274532,0.19009978040231,0.191019221092344,0.18960227825347467,0.184647148267162,0.20242457593671334,0.20195546712253398,0.19916438434960268,0.22113303543442667,0.22220554346166166,0.2349664861720623,0.24989541498918166,0.26000981545072366,0.28093599984845635,0.3095738023512093,0.3220212531082667,0.33338339329852934,0.328513769245043,0.315325644128106,0.30577091896914066,0.306624494516161,0.2954320223961137,0.2752960156692627,0.2568528751585737,0.251058168155038,0.2358016880316053,0.20906921209962534,0.19327321417649332,0.18879292495671532,0.18007730357724402,0.17175291731277267,0.17125822670895266,0.164667891598276,0.152556697780855,0.148001808095674,0.145085003443537,0.13579151192548167,0.127746455747894,0.12373260361916767,0.12208978045424168,0.12006726720115372,0.11868663724936024,0.11622592994766219,0.12214326674851633,0.12777698269096036,0.14345883398973433,0.14407052164215198,0.14389279107402034,0.14194167078720635,0.143323575621524,0.14220954201910366,0.14095670561667567,0.1460129823655333,0.149946177043532,0.15405448671178065,0.15211407123930634,0.15434684944143365,0.1942206294984015
"Baltimore, MD",394358.0,20.0,0.18238959577606603,0.18865611782343902,0.19061766918312298,0.200798344630956,0.203623161363684,0.1978127449638277,0.19145945501723668,0.18262193118531933,0.18635837835809232,0.18455266139973767,0.1861543396330473,0.18972942151914898,0.188673808334753,0.18348736057453366,0.18425867825552567,0.18247091702177065,0.17772353363441099,0.196027412479449,0.19752585613655335,0.195522270560992,0.21621594345178666,0.21468114558142368,0.22395972479490733,0.23479812463261032,0.24018427384959132,0.2577238671080387,0.2814246958501147,0.29183274980323665,0.30494330304435063,0.30216851960957763,0.29650920366660266,0.294343240327481,0.30330825899106867,0.2993979957785337,0.2854590723361797,0.2754767517897073,0.278111985275131,0.26900418929192466,0.24594288933089367,0.23193933747125597,0.23168199183296,0.228947187304158,0.22612259575478366,0.23513121688504665,0.23114334171338,0.21594419613410232,0.21149307631534034,0.20779978722256698,0.19842487700696768,0.18868192190930033,0.17984499762357767,0.17270470495103066,0.16657374654718302,0.16491257273085133,0.16056803286122567,0.16605855405494566,0.16910782516116066,0.18297836282660232,0.17987788118205036,0.17787070078234066,0.17428412534574467,0.17367191140315832,0.17005930513529166,0.16664821754414,0.169546112068884,0.170530128616179,0.17127429346475168,0.16530829758065566,0.16423187418841934,0.2110045038548243
"Denver, CO",394530.0,21.0,0.24432848141979502,0.262087542360903,0.271087050731218,0.2905479905962767,0.30319864928296997,0.3039061167196507,0.30215187800712,0.29533769023545203,0.30672535256166733,0.3029748419968493,0.30373319135590665,0.3083172308000893,0.30392515691312133,0.292796823857692,0.28995151061824764,0.2819069912527787,0.26806744342377037,0.2874397090122553,0.2835406719875337,0.2734463425828137,0.29349419563278834,0.2826482071512713,0.2861499277031967,0.29138373334764334,0.2865767950404354,0.2897909792089443,0.301570060262747,0.30100760661028403,0.30491972541786766,0.300906861222011,0.2948597036517197,0.291997797826915,0.301086638911072,0.29394924181234,0.27738510269836364,0.263259806834576,0.26449327544529,0.25845091912792767,0.23440971701248733,0.22055280787923734,0.22262900371739267,0.220203751494262,0.2169440875628937,0.224903350964009,0.21956833836686332,0.2063216924391187,0.205906201285458,0.20686059287537364,0.1967810454784693,0.18784434871929534,0.18221060420877566,0.17919245783724932,0.17758991008422567,0.177221690534256,0.17356648489470536,0.18005059051997632,0.18711495279423,0.206428071363887,0.20489757792674065,0.20403232931486667,0.20314934064864434,0.20724018964477833,0.20960042363181833,0.21197804302377699,0.2218444773527257,0.22949845972663366,0.23746066598455098,0.23527036454636666,0.23877923961591233,0.25202104427638383
"Pittsburgh, PA",394982.0,22.0,0.15276707541748466,0.15829457892201668,0.15914090621369167,0.166213140222617,0.168646671729016,0.16495839228157633,0.15936901500436199,0.152555015553387,0.15719421257854202,0.15457229848035067,0.15472030805260933,0.15745879064274068,0.153851532557186,0.14871115547834268,0.14681624103562033,0.14326015062293565,0.13778031501992266,0.14883698358976968,0.14673314070843732,0.140755818751485,0.15217715193762602,0.14739978965715367,0.149278411235633,0.15205741675773,0.14952757826994834,0.152240584115099,0.15931030646511232,0.15964100386806568,0.16260489366967165,0.15938225271676099,0.15543109144670866,0.15439786149633933,0.15996023185200134,0.15865087750014098,0.15329007934064035,0.14992171139676366,0.15314386359350632,0.150556229322049,0.13939691044174565,0.13378761662725167,0.13492497061679967,0.133620023887469,0.13090918538105406,0.13358694514545416,0.1322058955640991,0.12552298047735092,0.12564447354406644,0.12751088905961158,0.1223912783006202,0.11908521198943094,0.11630514607721167,0.11317138104307171,0.10951186892680224,0.10703739667653704,0.1037914898898339,0.10651210302030484,0.10926801122002901,0.11901447395275826,0.1165972853787053,0.1153535952128661,0.11447169365202799,0.11398579137697713,0.11217145812150327,0.11010245544461583,0.11196967732128256,0.11346343063024579,0.11493662562731537,0.11236623805314233,0.11287569914560476,0.13830578665664975
"Portland, OR",394998.0,23.0,0.27103620791336464,0.2812997043252587,0.2816912990427613,0.29462943503436,0.30142527941310265,0.294009924330991,0.28421576837468565,0.2717004503609473,0.27634743234156034,0.270935932851868,0.27243275333500466,0.27778686053789264,0.27320384087106736,0.26283632327996664,0.26140246711272935,0.25611668430378737,0.24638896940216767,0.26738222178202936,0.266316109642192,0.260884412989256,0.28473485476740734,0.27946840462348765,0.28817373098071936,0.29937351651585703,0.30529650308482165,0.326368173562804,0.3556559464684317,0.368814250426462,0.38722641003042596,0.38651789581344764,0.379570685750841,0.3774696626232584,0.38662317655337236,0.3822459632548316,0.3656980965925117,0.35470741463162364,0.35823166142898,0.3502603465471121,0.3194023324258077,0.30359900735546,0.30458393993643335,0.29949355352782764,0.2907300766604667,0.29047729986851767,0.281833267583754,0.25825039663729965,0.2558500225741576,0.25164952025143567,0.23531742541962467,0.22363123785300668,0.213479524310207,0.20679036854696298,0.20269705770200666,0.20067277489799965,0.19763638932480268,0.20799672133210867,0.21950739049778034,0.2421879535014503,0.23903841188061434,0.2368306782723837,0.23260375079791298,0.23644142492508502,0.23585688084200265,0.234086964630321,0.24438528962304637,0.2538069430740257,0.2619827524585477,0.2694272527252107,0.2708117528087697,0.2815874946832814
"Charlotte, NC",394458.0,24.0,0.18909331760416168,0.19805183598293066,0.19891445931983567,0.20932345825774432,0.21404276752358867,0.209699832185313,0.20482267934498732,0.19590134403057435,0.19870550346889662,0.19399021557437368,0.19499829853377468,0.19822934893676267,0.19437957701953434,0.18563378894690966,0.18268788234736866,0.17707378422118966,0.1696867186459093,0.18366301903346235,0.181833520103811,0.17665193838176632,0.19060146158515,0.18376886384937766,0.18632739259236733,0.18880377226779466,0.18637994930897464,0.18909381458446198,0.19690376259431033,0.19683950924128832,0.20115436144848067,0.20045196855844036,0.19812481042345764,0.198974245495069,0.20735338903749134,0.20931307214576733,0.2052627656035543,0.20250516205633898,0.20795504608805168,0.20476209719625968,0.18857464608525265,0.18158145103504197,0.18330267038498668,0.17990612274951068,0.17400284326050366,0.17273378533328834,0.16785303562095133,0.15965539304073767,0.15997901765304734,0.161645668185413,0.156206480160762,0.14822717829984033,0.14295231149646467,0.13913946726068735,0.13458816441434265,0.13202079488131066,0.12741881223547843,0.131339162046721,0.134348554084047,0.146718884758583,0.14542967427453635,0.144291452067836,0.141989021354359,0.141668793403924,0.139416552264686,0.13739065840808098,0.14003641881219267,0.140986979585524,0.14345626165647266,0.14026855517949866,0.14076280170951969,0.175215222394828
"Sacramento, CA",395045.0,25.0,0.25207448587222464,0.2654317380737543,0.2722389934787273,0.29111927048427266,0.30186486185194567,0.2972382342979573,0.296019408871301,0.2924553994260954,0.30890025041159935,0.31130866688593967,0.31694052776214704,0.3266046383935493,0.32926534548140435,0.32673356125852565,0.3362714677486543,0.3389542673165363,0.3336415582708154,0.3689541404678254,0.3748325046521093,0.37573166877228764,0.424338898000453,0.43271809492160235,0.456313421391709,0.47961417299188264,0.4859850902194696,0.508818985463374,0.539165406405885,0.536728410574283,0.5388752275239057,0.5155814591757147,0.4861700179104787,0.4668231055224467,0.46503677866682464,0.44669574490523667,0.4141117143627184,0.38182036257900304,0.3678741919096457,0.3449572936025563,0.3066408349132253,0.2907665425432853,0.2854362107385347,0.27246002098981464,0.26056987483081434,0.26220043017846567,0.256507812840485,0.23901525932133302,0.235379243982999,0.23223597091627365,0.21947875945663964,0.20935563467968166,0.20251568782270535,0.19629228917757133,0.193017398839042,0.194959852111761,0.196369284934545,0.2123099823943513,0.229129035470976,0.2655730961382026,0.2703860231219563,0.27267444523082035,0.2725508898088653,0.27377555984425767,0.26970324311672234,0.267325741207777,0.27594496609780567,0.28411784755430264,0.29164864552570996,0.2867213514489773,0.2890351702362617,0.3249609633533192
"San Antonio, TX",395055.0,26.0,,,,,,,,,,,,,,,,,,,,,,,,,,,,,,,,,,,,,,,,,,,,0.134613036087469,0.150923199756789,0.142409536538683,0.141745547595237,0.145058595956897,0.13916242817027033,0.13277048507255765,0.1291339012185865,0.12762372433201533,0.12372973815240662,0.12147787546938897,0.11676741876077616,0.12127527406613041,0.12347857893570587,0.13366655648726866,0.132517253526267,0.13185497858227865,0.1290370833560927,0.129092349701299,0.12735066726459351,0.12555070359278056,0.1288433919398273,0.1313177500643545,0.13341046049988706,0.13143195846934794,0.1316106384476381,0.1314722920361571
"Orlando, FL",394943.0,27.0,0.18010992995050099,0.18842053861257568,0.191089827376846,0.20037311955865333,0.20550010528855167,0.20192858588217266,0.19741019609741936,0.190703219512564,0.19542424400547165,0.19269911988870267,0.19488007254899697,0.19914153318798367,0.19734145428023467,0.19099964619659135,0.191663545945324,0.18935769795457436,0.182206616550063,0.1985093444928263,0.198643290975047,0.195942782803604,0.21715543677690766,0.217593893108745,0.22914072225594098,0.24413099435152766,0.2591731914732143,0.28700130175808597,0.32057799974994,0.3356025289161817,0.35338715471538834,0.350953672019605,0.3426947588594933,0.337248583798128,0.34206658138113366,0.3308139258833183,0.3086999435995563,0.283974097603786,0.27363245113659734,0.25516640038573635,0.222385001061274,0.208185102168066,0.20090141995033897,0.1885006158656,0.17730503067035333,0.17519609680198134,0.16530952522074402,0.153233886692999,0.15109354415313267,0.15054721184935435,0.14426754941749,0.13638614544098834,0.13169373047593,0.12940116756536466,0.12808500824747432,0.12930608657480633,0.12719738939660433,0.13331805235383534,0.14124362696848033,0.15913913572135932,0.16115091506004733,0.16130539115714834,0.15789015581595434,0.15766031487473833,0.15544766968632498,0.15278118456338732,0.15719285981922967,0.160168406977313,0.163774068784528,0.16141225161878234,0.16344454810113898,0.20400408118748922
"Cincinnati, OH",394466.0,28.0,0.19469921904482035,0.20429743605274867,0.20669446780554165,0.217801827022395,0.222019609347659,0.216527883538261,0.21080703077010132,0.2019924786157913,0.20501763914471502,0.20074474732907865,0.2010101295215513,0.20348517059959434,0.19969829099307965,0.19222218040464534,0.19071269949969535,0.18614824201552735,0.17894568116230333,0.19307638329176,0.19027827368333902,0.184176313719577,0.19782125529583397,0.190279904078318,0.1929199664051667,0.19604971872206667,0.19304394018634866,0.197057320635778,0.20589890998210966,0.20653604310135668,0.21090255342241335,0.206638587643906,0.20011051608493932,0.19599399224814731,0.20006911392144533,0.1986592004248907,0.19174668623082436,0.18565360604142167,0.187948259827844,0.183637400108827,0.1673628388777403,0.15975032168585568,0.16148097215937732,0.15992078018292966,0.15712912599798035,0.16071222092991666,0.15891372061445,0.15093292687797166,0.1508956110195549,0.15203835211665065,0.14662639585285733,0.13925507345872035,0.13330846003177568,0.1280971207234831,0.1225127538089827,0.11996155392014624,0.11658213931199009,0.12033191318122273,0.12301323357774123,0.13271077648449428,0.12959276305125172,0.12776660952957938,0.12492935714039939,0.1238566598073854,0.12184458710910744,0.12046524176323116,0.123165727508808,0.12608282764748172,0.12746135831701466,0.12414056557873177,0.12356755576774149,0.17066278582548403
"Cleveland, OH",394475.0,29.0,0.214064992370397,0.22448480650850333,0.22639145520976567,0.2378464665519727,0.242708626037438,0.23735742619628866,0.23028439662414402,0.21960748853718134,0.223355107284861,0.21875175333938768,0.218803443939555,0.22106338181730734,0.21732252590169232,0.20812793035666466,0.20536272233314334,0.20049086997259002,0.193203857012565,0.21023535383078065,0.20842284699138533,0.201977131233956,0.217498807499192,0.20919403609403667,0.21139119309846333,0.21420598859732368,0.210496527771728,0.214976912668661,0.22559922512294897,0.22753041544439767,0.230638969533054,0.22631354789397132,0.21997986241418233,0.21809473160922066,0.22339691436346798,0.21882971888342165,0.20798693966668033,0.200304402204224,0.201158720650903,0.19475791573459234,0.17869599542426431,0.16876956633016135,0.167966291985617,0.166608728663172,0.16304098505613965,0.16313444596725965,0.16124792107948302,0.152443151930621,0.15040575740672502,0.15020134840404134,0.14319268795013032,0.13353983824773244,0.1265280733894688,0.12235391323113141,0.11837010052974284,0.11670128749673266,0.11287257203611974,0.11658043079720261,0.11857453839459624,0.12840864830053,0.1256759812034135,0.12378042578646686,0.1201192475207525,0.11993729136629737,0.11756220778795907,0.11483504886248026,0.1168855974270054,0.1175058289775764,0.11789870959891334,0.11471052327391534,0.11389350541382441,0.1796327255237612
"Las Vegas, NV",394775.0,30.0,0.223667135737722,0.23231137392595902,0.23598177856423333,0.24867630996191467,0.25319853847054835,0.24726836204831668,0.240025250262721,0.23159136247693102,0.23651412953756534,0.23223091127102732,0.234018326392606,0.23840713407893932,0.23414336849644898,0.22482559215831066,0.22547581682361298,0.22218193445211565,0.21466675858749099,0.236201673784231,0.241982805737783,0.249642286374368,0.29908921068871,0.31488530370171836,0.3311891098532403,0.3398456516711077,0.3398382286864543,0.35350106406259635,0.379228639240426,0.38806716540968206,0.39737665885127965,0.39056548631449495,0.3774642226918093,0.36776947982854963,0.3692082404201244,0.3603595646828533,0.34094212267887763,0.318340235426199,0.3053378849192567,0.27756713907943237,0.23320062653076268,0.208999359904351,0.19033059604079736,0.171445249402123,0.15772928413735335,0.15508853749525667,0.15167702403393535,0.14144161831995766,0.140241126340811,0.13623022434811632,0.12644976953595932,0.11871912330454447,0.11538634822083838,0.11475428718263443,0.11566295498003737,0.11894557295158464,0.12039693052692803,0.131113224367384,0.142649347583492,0.16870070830764736,0.17531675426680834,0.177834191124442,0.17883031495339,0.18032128902414768,0.17917730619610303,0.17809540680829303,0.18416142974063635,0.18708930536961998,0.189823470795542,0.18599995190573135,0.187937760240961,0.2306860195839108
"Columbus, OH",394492.0,31.0,0.19019868241438131,0.198036755794365,0.19980669110887836,0.21046797010275933,0.21431869190049735,0.20927973682170867,0.20349660861541632,0.19459283641078698,0.19800912301698267,0.19401522582200367,0.194869715584028,0.19730358474161935,0.19431830071851533,0.18733757983318433,0.18571786708814234,0.18143379417029867,0.17395334879380933,0.18843018776027298,0.18599522893738765,0.180044865880528,0.19321556248892033,0.18678687993977863,0.18920080897663635,0.19238947301543233,0.189562612129029,0.193366680607253,0.20187799148284968,0.203077491504551,0.2075998889564933,0.20111080228401867,0.19286521260012068,0.18792717997265032,0.19021847331378763,0.19010589897399632,0.18432278356249832,0.17955871875864934,0.18294984368800934,0.17978111442775435,0.166830751611182,0.160589169375391,0.16341795734239267,0.16214849458393935,0.15833818901228033,0.15910552467036035,0.15390639953447566,0.14341082726697466,0.141934496204806,0.14138180827108568,0.13603600906783966,0.1276797056915391,0.12147543648560356,0.11852241447287154,0.11504487137711605,0.11260107537927257,0.10896980524488474,0.11212410778390185,0.11569843977562407,0.12747281635250673,0.12838087584406996,0.12755725227509415,0.12481099861402563,0.1253834001136567,0.12276741202610068,0.12099548670184669,0.12499832150502828,0.12809054815259238,0.128789527272297,0.12419398910041346,0.12355032326299416,0.16599638618217624
"San Jose, CA",395059.0,33.0,0.36845194074276333,0.40283267004564766,0.43130814013316265,0.48626325032140866,0.5320339018709287,0.54506553913619,0.5538661686956777,0.5373366110578036,0.5369580668003113,0.512420674089137,0.498418031332243,0.5085329838943666,0.5221671701004077,0.510841616867862,0.506826272154404,0.49000773686069005,0.4654723528955677,0.508894825582917,0.5101694627360973,0.5114934375512593,0.569280563506735,0.5725422972780977,0.6002108490264627,0.634052173835818,0.6526095639053716,0.6830593795113676,0.7215268770239563,0.7210315193611802,0.7257661815376043,0.7019029558725336,0.6853462712266474,0.6741077775506317,0.6803647909738846,0.6740932560545656,0.6425074250928533,0.6060616916229257,0.597872303942662,0.5609716365945884,0.49758046789411364,0.46878483819142036,0.4575529611222193,0.44529653575017836,0.43350474575391734,0.451240453910471,0.4446611778187493,0.416349089172652,0.41350739942959863,0.401478471980877,0.38365511171673633,0.37210161165232636,0.35969600500960136,0.35213500553819266,0.3544647764735596,0.36050225479694137,0.36074648897266703,0.37748263487438605,0.400334190154281,0.44829179541160596,0.451043460441416,0.4594536660903274,0.461431583951851,0.47047932449040103,0.47262185348193303,0.473549426234049,0.49471658607659935,0.507758848359708,0.515046698664604,0.5080568806046927,0.503485390960715,0.5095605521995292
"Austin, TX",394355.0,34.0,,,,,,,,,,,,,,,,,,,,,,,,,,,,,,,,,,,,,,,,,,,,0.166804177385314,0.202260033215844,0.18828489547579097,0.1880296552831847,0.19230982577656067,0.18527516745295433,0.17372587071724666,0.167186516690878,0.16297125303651666,0.15777064424802667,0.15617672708649333,0.15335784750291367,0.162475926382449,0.1705373719948433,0.18585749228639833,0.1829693705823677,0.18231258693448296,0.17850362265682831,0.17911770120729967,0.178279151032788,0.178150718755408,0.183256434139807,0.18712280472353568,0.19064161033784233,0.18892011563454034,0.191257340892503,0.17888431905455904
"Virginia Beach, VA",395194.0,35.0,0.18814935921224799,0.19514829824363433,0.196612181776136,0.206297313121904,0.209357476417899,0.20322376162156966,0.19604546451766702,0.188639281487989,0.19173640328495467,0.18756787257552335,0.18848945355151966,0.191717057549422,0.19017544264524,0.184122611173442,0.1839576950858517,0.18130309165054634,0.17573389446940801,0.192948765950026,0.1941872117370853,0.19321975287630566,0.215228173791385,0.21777575589863232,0.230322250741317,0.24263704285035134,0.249685647245612,0.266806978252847,0.289618835720909,0.29697131056400666,0.309044016889409,0.3075625857009627,0.3013253537388083,0.301297828211456,0.3112795969576943,0.3083182985189013,0.297435300520262,0.28935299341206533,0.29285759804625733,0.28442954376189633,0.25839409943824765,0.24246703018253166,0.24308760898800466,0.24201021962556366,0.23824220666702134,0.244348567876249,0.23887206570627198,0.22269494031296,0.22295902380394336,0.22417555349734,0.21438569338015,0.20453314408873569,0.19815804398760398,0.1930562296884387,0.18740694730711469,0.18209908878947334,0.173301207865626,0.17687377350972067,0.17989559818465164,0.19925809980809864,0.19783087437573865,0.19621443316972034,0.1934080945952983,0.19265596805676266,0.18877751906698834,0.18552469247532133,0.187631553476203,0.1891211020763117,0.189542328452834,0.18323082473211802,0.182501355165502,0.22062665779886506
"Nashville, TN",394902.0,36.0,0.195358488212081,0.2037327978689427,0.20538199716730868,0.21616834791389797,0.22109831195990634,0.21499010269396268,0.20790165030445099,0.199420209014097,0.20219897390001432,0.19770673377876702,0.19761535203638433,0.19987431223150698,0.19654805999970235,0.188751852921881,0.1861571214177277,0.180912624780969,0.17284700038897036,0.185934730641824,0.18406768238193036,0.178408464336146,0.19318857005404366,0.18673862836740832,0.189616031454969,0.193459007123682,0.19238604004868234,0.1979775925985443,0.20895921250806201,0.211837442048703,0.217927157597527,0.2171513799281183,0.21376125748647334,0.21296708546954302,0.2200183146812147,0.21985539793390432,0.21278425428687467,0.2079147750039733,0.21284669900057565,0.21193864092864834,0.19828936389088736,0.19322791247249335,0.197637156960306,0.19608614237972433,0.19199210738860964,0.19424604619863098,0.1908838877481457,0.181399961583247,0.18157665797432665,0.18486600519072463,0.17942043874703964,0.16936550312189702,0.162938342358638,0.15650524821458867,0.15137797764531566,0.14873992853499934,0.14431830026688133,0.14959550872913732,0.15311586958137835,0.16694112671736203,0.164148560056817,0.161808152566806,0.15864849006965,0.15983878254548534,0.15792048885542734,0.15605673162458467,0.159225726334522,0.16248586892869768,0.165958758932834,0.16334144706512566,0.16549404836539267,0.18730221509450862
"Providence, RI",395005.0,37.0,0.259342414267953,0.27258548304800934,0.27803680356807364,0.29948325173205964,0.30864835998962,0.305220999257241,0.30227066912010864,0.29297817461678766,0.3059034692948,0.3097108374488433,0.31896928919792233,0.33139382618875396,0.33739908542855296,0.33798596863591995,0.346232692049961,0.3470567033706116,0.343296695691322,0.38045793213824636,0.384197710563988,0.38043664922785503,0.4183631737892453,0.4130952019162433,0.42670737866432873,0.4396731531363467,0.4363045676065496,0.44500711312662106,0.4631369844521324,0.4618372031091637,0.4681552689916863,0.455888112061473,0.44008893467038535,0.4309541865161197,0.43741012572122706,0.4265537880184393,0.40488500079723294,0.3853647167302107,0.3779940332625263,0.36764331290498337,0.3342080003403263,0.3197096409914933,0.3252124778595043,0.31655770197110766,0.30459000899914934,0.305860011483768,0.2969178474544117,0.27677423664309636,0.274286990987676,0.2789109695314173,0.26634297027985965,0.2528593455513617,0.2404389510350857,0.22875525291060303,0.21903676187876334,0.21502103031566067,0.2104283638729403,0.21748691241215368,0.22416800330500933,0.246201886746658,0.242982572611347,0.23831829772267868,0.23563108439539202,0.23641090006801302,0.2337582866281953,0.22943534673620336,0.23319744776997134,0.237054497120319,0.240161370353419,0.23455565340755236,0.23394776187919164,0.3201433312112156
"Milwaukee, WI",394862.0,38.0,0.20765349051501567,0.21895829693210533,0.22158124102566035,0.23058819308687803,0.23799356313703,0.23548959622669766,0.2292498454632217,0.220081600132218,0.226955180305064,0.225879584142094,0.22704481762845466,0.230834619328556,0.22916154335664998,0.22285321903771735,0.22873055576392567,0.22374944382696035,0.218118496329853,0.237877359995341,0.23654181804782867,0.23228917119859602,0.25394348590233834,0.24827763352118368,0.2537219391203273,0.25899519717194197,0.25775592143961434,0.26642533446730565,0.27965149465966266,0.28257956029701065,0.28775776586464064,0.280189256243818,0.27099899498217833,0.26629762199347434,0.27379658656620065,0.27307383263828766,0.26578722906950497,0.26143561420427136,0.267026870247859,0.261386266512203,0.23882568006590366,0.22515798097579534,0.223908213678251,0.22272893358304868,0.21984872170987865,0.22559828820064798,0.2228326505696733,0.20482320687595534,0.19841723001502332,0.19743456703433734,0.18520551029478335,0.17688140401316665,0.17064673092252033,0.16284559343181967,0.15753923144509133,0.15238050768661968,0.1471778388275923,0.15291850743118265,0.155978826614377,0.17022862310436535,0.166883508962302,0.16329161835491235,0.15993934389875167,0.15830395916814632,0.15479067160852533,0.15317619814910668,0.15560183057139398,0.15589954814617232,0.15669751560518766,0.151745363251543,0.15334361737561833,0.21582295162251278
"Jacksonville, FL",394714.0,39.0,0.17265506919086335,0.180973730069808,0.183530926421143,0.193637240369857,0.19782690544662232,0.19397865706412198,0.19022474735264636,0.18333549385433667,0.18787268282152733,0.185888602942754,0.188261051186453,0.1920645062449473,0.19001434829353434,0.1838683934859663,0.18464625111573132,0.18265377847509665,0.17744272565494534,0.19429052068347866,0.19458787467031166,0.19034150973445,0.20810910891293632,0.20607297358074836,0.21397294865212568,0.224167488352748,0.22977573359988268,0.24422637503410302,0.26427554505597134,0.2721051815335263,0.2860174477168584,0.2836465528833,0.27499570602772566,0.26804722578225965,0.272510522208902,0.26792435864671266,0.2568651590267257,0.24850223961117002,0.24961724873040234,0.23893423177648235,0.21491991569092236,0.204580331888645,0.20253793468285966,0.19782169933669,0.19106484747437166,0.190179571636084,0.18084145011872366,0.16672562247431966,0.16448168045498035,0.16258165905598534,0.15302163393289767,0.14107362922121167,0.131001193638458,0.12380858475575933,0.11756843602891953,0.1165879412724984,0.11449152371000271,0.12053394774430466,0.127622153129931,0.14290777223183668,0.14313654423029235,0.14237469854922366,0.139119531990085,0.13824180758642934,0.13594534762519567,0.13469621680800734,0.13981746607609233,0.14243954346906598,0.14506187942955767,0.14290886408402334,0.14443770449013935,0.18797669847867668
"Memphis, TN",394849.0,40.0,0.19504167146984303,0.2042287518414915,0.2060018804020305,0.2150911436247085,0.2195287140755945,0.214346321247507,0.20807412982637252,0.1967383048308095,0.198781231671178,0.1937759492746055,0.189666727446053,0.1907150922335405,0.18722441837097248,0.1812231996512895,0.177524424822323,0.17307300675937148,0.1660157039259395,0.1763309443077805,0.1744181920157205,0.16787273674974149,0.17805790900416552,0.1701101095965655,0.17392838654117548,0.1766327213525795,0.1764197641349835,0.183269536607242,0.19327871833871602,0.1962893418762105,0.201669412764063,0.1984355885034405,0.1928322733255095,0.187928146958741,0.188432492804333,0.18958459936980848,0.1822591616890045,0.1775611088955035,0.18235646150991802,0.1803379965826135,0.164430657743946,0.1537242904042735,0.153601433271041,0.154344428796452,0.1499653782822315,0.1589321845905535,0.1546679908217255,0.1328764296238377,0.129774764820324,0.129000931269378,0.1241443400902363,0.11849318977909111,0.1150055854581426,0.10837173588561666,0.1041707000567532,0.10407633087994339,0.10174156114183441,0.10642489648188334,0.10968401871136817,0.11836723663367049,0.11544547989801594,0.11359791348886493,0.11114968979744662,0.11060481256716452,0.10871657548455942,0.10582318736574953,0.1074586387616522,0.10885593164220064,0.1106034388211437,0.1059806555558905,0.10501834644004704,0.1416830055885323
"Oklahoma City, OK",394935.0,41.0,0.148340481777853,0.15502147477595066,0.156777906744127,0.16429336268800834,0.16642116507020865,0.16232088881068765,0.157376901816965,0.15116343305986898,0.15403439048320167,0.150796778506624,0.150416743664155,0.151673528176319,0.14857906668815365,0.14215028922335368,0.14087637619308901,0.13677964921955899,0.131513885470769,0.14255569650039632,0.14025089401052568,0.136447103623075,0.14712221698396166,0.14216443685645366,0.14423060478059133,0.146519645843105,0.14431904336303267,0.14816551948893134,0.15602318275505467,0.15721981223735101,0.16106953136391233,0.15789721691878433,0.15289850804113966,0.15070576795141233,0.15566382134662402,0.15558693415667935,0.15178124588987332,0.149537119336867,0.15393604110791867,0.15187962390355633,0.141101601017951,0.13542913949732927,0.1381032681414025,0.13885923019901006,0.13965908266835664,0.14619696350529146,0.14602638061785359,0.1373698261421816,0.13599092899813295,0.1354011651710985,0.1295779020799791,0.12314653592657197,0.11870310396819546,0.11448848232712423,0.11001519400451498,0.10862229255500666,0.10465356561667331,0.1080935982778898,0.10983487405310555,0.11957441536642628,0.1183324768544299,0.11719897834220683,0.1162198022458172,0.11518740377606619,0.1132103492044632,0.11215435703708666,0.11609046797330423,0.11960474951787141,0.12199597017319451,0.11889220427819219,0.1186884423510335,0.13830337740167972
"Louisville-Jefferson County, KY",394807.0,42.0,0.1882165330998853,0.19685319995042463,0.19955156305539135,0.207025022387098,0.20953087042784233,0.204109030621192,0.197300022957842,0.18987077817567333,0.19398228818693034,0.18931080683944967,0.18774241359225333,0.18977905176009502,0.185943763386787,0.17629521643361934,0.17425879552878198,0.16947253521022232,0.16194427027575434,0.17460720162864998,0.17223334807977633,0.168631429503174,0.18241030540527903,0.17864012372133167,0.18327608580196833,0.18432436579126402,0.17936637138416567,0.18571295590884765,0.19592152621833034,0.19333599088765566,0.19930217043784135,0.19412577590569566,0.18748262331443133,0.18982033077650431,0.19567333565166067,0.19399658476770032,0.18732781796322398,0.184524930000708,0.189329604747928,0.18691908318179398,0.17216953751567302,0.16521320717346832,0.16741751992990564,0.16786338079584864,0.16529496828648102,0.16838831336901364,0.16720671782358631,0.15780462259066333,0.15911812533394934,0.16127234288811068,0.15590089916038033,0.146993711707326,0.14049892416963183,0.13378090968616826,0.12720782586140267,0.12513650331186735,0.12130010542636381,0.12510291221062037,0.12778002185495896,0.13912400351593934,0.13655530934453178,0.13571803411551867,0.13262036674119637,0.1321307283617181,0.1303821830276542,0.12889430530883456,0.13234017361792175,0.13378093944796002,0.1349002516375349,0.13127520647758714,0.13118612445261071,0.16786241011755942
"Hartford, CT",394669.0,43.0,0.19971752539752033,0.20975332201734,0.21340527104121765,0.22720280704381568,0.23348096017549066,0.23111095968621198,0.22684710496166735,0.21867981469455966,0.22555955226825966,0.22309600264261764,0.22653687102928,0.23164832504649865,0.23138027418988635,0.22678145360637503,0.22850654689629432,0.22719096664478733,0.219550882883956,0.24002673726590298,0.23953400864212568,0.23482554602608732,0.25673398235830497,0.2518751221060183,0.2580669921251993,0.26517849099028135,0.26520921471547,0.275271239951045,0.29263518380240033,0.2968514609566177,0.305271024042175,0.3030732595812027,0.2969199949221267,0.297007870542487,0.30834392469045335,0.3039479418930677,0.2880923548775323,0.275518198794108,0.277878384662003,0.271313403678808,0.24923379347936767,0.234653117927361,0.23393160452832099,0.23386961601324932,0.23061352646303535,0.23674445724834234,0.23542409750920001,0.221741480892916,0.22080210374094533,0.22051243216820568,0.210080300832474,0.19860603471337365,0.1908435424982903,0.18561954048184734,0.17802086583337737,0.17117466310227702,0.16554668367583703,0.17045692544021365,0.17252752265031235,0.18910480562384868,0.18608850866984836,0.183401373915415,0.17822721493506832,0.177021147102742,0.169949078031328,0.16526754090056237,0.1674617392691452,0.1671484489863834,0.1662322384038671,0.16114956294284244,0.15959984592623397,0.22659531580804967
"Richmond, VA",395022.0,44.0,0.17706619205519034,0.1849201894797917,0.18674960080045666,0.19606083780159866,0.19993796977283732,0.19463237309961468,0.18866736002955534,0.18094444547052435,0.18500751414309732,0.18197232001435001,0.18406927503385964,0.186686082926984,0.184371728653744,0.17809043899535668,0.177505880061394,0.173861367660061,0.16729038918261532,0.18193053170652432,0.18172658551647733,0.17925693055317402,0.196281307237656,0.193183945490125,0.199836771766664,0.20778454183189,0.20913086467464034,0.22036864096387832,0.23639192043303867,0.241345548064314,0.25209342979104565,0.25297886571023365,0.250260597629543,0.25082262326594634,0.261482926782261,0.25994331774999435,0.2507661002562403,0.24592894983016766,0.249783452021447,0.2440671956605093,0.223435169580947,0.21249379630530432,0.21361936760600497,0.21258128526156198,0.20714816425527535,0.20846159905778536,0.20398700636646336,0.190644626974802,0.190476379661072,0.19202942996109765,0.18369586029376803,0.17551130906473167,0.17087425805182865,0.16532996605983233,0.161032658728574,0.1563748293673997,0.1495722004583568,0.15386867518356898,0.15532531127965968,0.1688846016062747,0.16628574106380034,0.16448161414328433,0.16049653325255533,0.15977285166236233,0.15723367242987965,0.154288035735249,0.15741757010336432,0.158841932799091,0.15973868327846533,0.15418744487040292,0.1543868515766465,0.19327067301675668
"New Orleans, LA",394910.0,45.0,,,,,,,,,,,,,,,,,,,,,,,,,0.22518351452983748,0.231279041448716,0.24963804220070152,0.2522695277750575,0.243613216834126,0.225962097981757,0.21367986606968348,0.2106072150517625,0.215234073460264,0.223230561602434,0.2087672047566375,0.18410299252356999,0.19788559056517152,0.2107611366615115,0.216692287219164,0.2292297718181665,0.24772883056313,0.256741532902807,0.2521790652832745,0.2627091974222775,0.26545774233851904,0.245724715637863,0.239329266318339,0.23972059330503748,0.2271482410088055,0.21739792905093802,0.2077708456681365,0.198227473474779,0.1849031440210755,0.18400219877326499,0.17996949059117595,0.188471709264951,0.18666924556960976,0.203568694646485,0.194090592634868,0.195620665902288,0.1958313795669065,0.19234004844595198,0.196570426315155,0.19366765335272798,0.1969052989156705,0.20194171909673753,0.20771689423761197,0.2066164064704775,0.2089254124122355,0.21591294563754798
"Buffalo, NY",394425.0,46.0,,,,,,,,,,,,,,,,,,,,,,,,,,,,,,,,,,,,,,,,,,,,,0.16578135375804684,0.15827832477025106,0.16043504877368514,0.16049347584605295,0.1574920564603075,0.15214718454995602,0.14592861711060545,0.14022319486765256,0.1361679471507193,0.1345382309932961,0.12908585122858104,0.13191666911752487,0.1332056810173065,0.15070159347129025,0.14699616346105715,0.14585493464106414,0.14521999458109514,0.1483371097376072,0.1465937327432654,0.14007338953195486,0.14235535801656352,0.14778093743998175,0.1498611290043743,0.1442099842564185,0.14432612379072285,0.14632016345277524
"Raleigh, NC",395012.0,47.0,0.21966651836033768,0.22951782754823466,0.23136910121431067,0.24309140557274667,0.24743729286089466,0.240676661474169,0.2334599431729303,0.22413306412194933,0.22731012756357635,0.22193201623571768,0.22232866471004933,0.22497797015992635,0.2207622743943273,0.21157113350596832,0.20814557037023065,0.20084760381243835,0.19076066048702867,0.20432178569112466,0.20173539348515868,0.19518124298071202,0.20938750034291134,0.202029744810338,0.20462116895583835,0.20855480531786333,0.207065850214454,0.2098323562044667,0.21760339798766035,0.21746713412710836,0.221651586739518,0.21934852407953268,0.21373375443916767,0.21242062075605536,0.218885154967173,0.21988356215822735,0.21531206544588466,0.21298148158056898,0.21999073577185935,0.218011160495965,0.20180123625573235,0.19197191748733433,0.19537034695335764,0.19294026491919766,0.18819092489251432,0.18958748511778334,0.185745158906272,0.17645358276318968,0.17743428042609033,0.18000645406757765,0.17244878373087533,0.16518288941834566,0.160993395636367,0.157972692169384,0.15340670292450567,0.151234445190207,0.14725845124888667,0.15291066813313767,0.15706551173276168,0.17186265993616834,0.16965688621101702,0.16748144826604064,0.163359287258751,0.16209537583949132,0.159111135990078,0.15657368382913134,0.16090822492153234,0.16174489491657534,0.16314289953656366,0.15922637577809198,0.15978175346251167,0.1956656040584913
"Birmingham, AL",394388.0,48.0,0.18202409819832166,0.189181931603056,0.19183517330153732,0.20073777801536366,0.20344613012000967,0.19798039255635666,0.1927288262131123,0.18373069490215432,0.18665855597124067,0.18178021074428533,0.18068292720143866,0.18305162714958834,0.17895111943112033,0.17126994423962696,0.16959049059813736,0.16545342862076465,0.159773598836525,0.17406729353769768,0.171834901940599,0.163008488514897,0.17440446731305767,0.16691986922367766,0.167606825703057,0.17204130905818402,0.170567071944155,0.173985259558743,0.18247052196215832,0.184228862615193,0.18720632042174,0.18192090127752034,0.17725831990941865,0.17341578789012133,0.17761924962470835,0.182005839441723,0.17695389150612337,0.174919514952243,0.18291551313454066,0.17833814945217633,0.16554112595481066,0.16183270261387167,0.164532452791179,0.162390945402212,0.15832310103964933,0.1581887817084867,0.15221740529602265,0.14563661043539267,0.14730197077550466,0.14923606430824968,0.145718644621152,0.137264055507084,0.13216142887238166,0.12694464118965285,0.11981284636677136,0.11905557886884004,0.11370584105029242,0.11717066189877401,0.1211190818158114,0.13153260353579702,0.12942478598161666,0.12830641555795566,0.12397067342615432,0.1214638535773635,0.11936184091103323,0.117756103535663,0.12116837241845935,0.12173237921808178,0.12243855853342821,0.11824522331628186,0.11737286685117428,0.15918105658063075
"Salt Lake City, UT",395053.0,49.0,0.24692113524700865,0.2576790292026783,0.270871517048229,0.2838747636154733,0.286789375351177,0.27926970686957137,0.270817544514038,0.258587406843699,0.2618051703673093,0.2547022553168057,0.25213682268404464,0.2533991991055493,0.24828843105069534,0.23821367177454333,0.233965401140783,0.22498046952849068,0.21130533741091936,0.22519630335332064,0.219417991423193,0.211308676520605,0.22815850700722037,0.21965061165713765,0.22055422508955,0.22579100944961197,0.2263611215297757,0.23455615931396834,0.24952901614084833,0.25910892524626034,0.27476564746466164,0.2844545872759106,0.29359992067180163,0.3056371143378897,0.322450979519532,0.32587818821467435,0.32210118727611164,0.31786956204911404,0.3241776323397297,0.32205916210558333,0.300385577252425,0.2891312244288457,0.2938527773544683,0.2782069821081717,0.2567920769687437,0.23975272170605166,0.22885648978236603,0.20930475135086768,0.20345610861927366,0.20248533294019766,0.18804162923289866,0.17525446808164102,0.16556142722285297,0.158375090511375,0.14945546583248234,0.14738608452828167,0.14387939984436435,0.15184043197841202,0.160458477053621,0.183055263868409,0.184992684582671,0.184243398713814,0.18043829720404803,0.180928813828621,0.1783122876957363,0.17624872721921,0.17982884125197765,0.18242951962221898,0.18582934563144968,0.18278007180600464,0.18413003262772834,0.23292648646241657
"Rochester, NY",395031.0,50.0,0.167356133403232,0.17689925378340549,0.1780827830909735,0.1885293529315975,0.1919393506985725,0.1888112929892545,0.184610867407805,0.1758614141537945,0.17789669939029,0.17275607990394048,0.1717043449006125,0.174353119780588,0.172765911647543,0.1662459263029635,0.1643324228218785,0.16078287632799848,0.15482332321739956,0.16573425997148,0.164400810090472,0.15971571222153572,0.1702221411355645,0.1664124744763015,0.16768507163933,0.1705220733715505,0.16872385163297,0.171265713488774,0.176759774295765,0.1774971296064525,0.179758189569799,0.1771041158450535,0.172330349039292,0.1688411312971505,0.17141477016533502,0.173031124603473,0.166865052092145,0.16314349541206652,0.167388328492797,0.167774045204915,0.1572275469977245,0.14933145383983437,0.151445440640383,0.15516664556380724,0.15268814790102608,0.15634640438741126,0.1556807897864036,0.14677108625915075,0.1474727270951911,0.15101272411053374,0.14741683367407796,0.14215725557770195,0.1384961808703933,0.1349016435362596,0.12938155281044944,0.1256846452047514,0.12016052509925346,0.12265459578361335,0.12167077571704735,0.1360977535265399,0.1341967828243739,0.1348113272270584,0.13427070981975045,0.13345514206672449,0.13113171750049835,0.12718822150554376,0.12932403848502225,0.13161834298357694,0.1322173841862648,0.12898590745962496,0.12814470973126066,0.15683260548659889
